Aat2,555
Acon1,249
Acon5,531
Acy1,549
Anna,529
Baez,529
Baron_harkonnen,484
Beatles,548
Bertha,540
Black_Crow,527
Blackbird,558
Blue_Jay,553
C1,512
C147,559
C204,541
C21,553
C216_pigtail,549
C234,544
C259,525
C278_PT,543
C294,552
C316,532
C334,539
C367,539
C368_PigTail,530
C485,558
C487_PigTail,452
C536,527
Cactus_tree,510
Carey,542
Carnival,535
Cool_water,543
Coyote,519
Darwi_Odrade,319
Daytripper,555
Deadpool,396
Diamond_Joe,522
Emma_Frost,513
G3pdh1,529
Glass_onion_v2,548
Handy_dandy,505
Harvest,549
Heartland,513
i-109,549
i-113,528
i-114,491
i-120_PigTail,478
i-126,515
i-127,509
i-132,491
i-135,545
i129,548
Imagine,554
Jackstraw_PigTail,547
Jam_session,521
Jericho,444
Jerry-Garcia,537
Jokerman,409
Jude,545
Julia,524
Kitty_Pryde,530
Maggie_mae,521
Majesty,483
Miles_teg,420
Million_miles,456
Monkey,539
Mozambique,471
Neil_Young,544
Nettie_Moore,489
Pam,554
Percy,418
Pgm1,546
Piggies,518
Psylocke,472
Queen_jane,499
Ramble,511
red_ant,556
Sam_Stonev2,386
Seastones,536
Sinv-25,547
Sinv12,553
Siona,501
Sol-11,534
Sol-18,538
Sol-20,551
Sol-42f,550
Sol-49,516
Sol-6,551
Sol-J1,503
Sol-M2,530
Sol-M3,532
Starr,555
st_stephen,512
Sun_King,417
sunrise,559
Sway,530
Taxman,535
Tombstone_blues,523
Trouble,464
Tweedy,475
Walrus,522
Weight,506
Wigwam,387
Workingman_Blues,520
Yellow_submarine,534
